id_code,kind,level,model,method,insertion_auc,deletion_auc,stability
d774692d9919,blur,clean,resnet50,IG,0.8405,0.8226,1.0
d774692d9919,blur,low,resnet50,IG,0.8563,0.6583,0.2245
d774692d9919,blur,mid,resnet50,IG,0.8461,0.5012,0.2413
d774692d9919,blur,high,resnet50,IG,0.5895,0.4616,0.1057
d774692d9919,blur,clean,efficientnet_b3,IG,0.2808,0.2268,1.0
d774692d9919,blur,low,efficientnet_b3,IG,0.1747,0.1728,0.1877
d774692d9919,blur,mid,efficientnet_b3,IG,0.1634,0.185,0.0765
d774692d9919,blur,high,efficientnet_b3,IG,0.1557,0.1652,0.0666
d774692d9919,blur,clean,vit_base,IG,0.8562,0.5403,1.0
d774692d9919,blur,low,vit_base,IG,0.6777,0.3317,0.2617
d774692d9919,blur,mid,vit_base,IG,0.4004,0.396,0.219
d774692d9919,blur,high,vit_base,IG,0.2449,0.3986,0.2425
d774692d9919,exposure,clean,resnet50,IG,0.8405,0.8226,1.0
d774692d9919,exposure,low,resnet50,IG,0.9173,0.765,0.1644
d774692d9919,exposure,mid,resnet50,IG,0.8845,0.8086,0.0589
d774692d9919,exposure,high,resnet50,IG,0.7817,0.757,0.0225
d774692d9919,exposure,clean,efficientnet_b3,IG,0.2808,0.2268,1.0
d774692d9919,exposure,low,efficientnet_b3,IG,0.1909,0.1657,0.2737
d774692d9919,exposure,mid,efficientnet_b3,IG,0.1872,0.1658,0.271
d774692d9919,exposure,high,efficientnet_b3,IG,0.1831,0.1559,0.2695
d774692d9919,exposure,clean,vit_base,IG,0.8562,0.5403,1.0
d774692d9919,exposure,low,vit_base,IG,0.8186,0.5305,0.3065
d774692d9919,exposure,mid,vit_base,IG,0.8052,0.5813,0.2807
d774692d9919,exposure,high,vit_base,IG,0.7367,0.5055,0.2831
d774692d9919,noise,clean,resnet50,IG,0.8405,0.8226,1.0
d774692d9919,noise,low,resnet50,IG,0.8131,0.5993,0.3058
d774692d9919,noise,mid,resnet50,IG,0.4043,0.2333,0.2411
d774692d9919,noise,high,resnet50,IG,0.0536,0.0606,0.2733
d774692d9919,noise,clean,efficientnet_b3,IG,0.2808,0.2268,1.0
d774692d9919,noise,low,efficientnet_b3,IG,0.1834,0.1564,0.2424
d774692d9919,noise,mid,efficientnet_b3,IG,0.1759,0.1591,0.217
d774692d9919,noise,high,efficientnet_b3,IG,0.1737,0.1613,0.1663
d774692d9919,noise,clean,vit_base,IG,0.8562,0.5403,1.0
d774692d9919,noise,low,vit_base,IG,0.7174,0.4541,0.3182
d774692d9919,noise,mid,vit_base,IG,0.5311,0.3042,0.2753
d774692d9919,noise,high,vit_base,IG,0.2091,0.2584,0.2295
2ef4a04aed1b,blur,clean,resnet50,IG,0.8702,0.8281,1.0
2ef4a04aed1b,blur,low,resnet50,IG,0.9279,0.6237,0.1388
2ef4a04aed1b,blur,mid,resnet50,IG,0.8354,0.4858,0.1435
2ef4a04aed1b,blur,high,resnet50,IG,0.6877,0.444,0.0966
2ef4a04aed1b,blur,clean,efficientnet_b3,IG,0.2747,0.2305,1.0
2ef4a04aed1b,blur,low,efficientnet_b3,IG,0.1739,0.1755,0.171
2ef4a04aed1b,blur,mid,efficientnet_b3,IG,0.1579,0.1852,0.0773
2ef4a04aed1b,blur,high,efficientnet_b3,IG,0.1605,0.1669,0.0387
2ef4a04aed1b,blur,clean,vit_base,IG,0.8049,0.6035,1.0
2ef4a04aed1b,blur,low,vit_base,IG,0.818,0.5479,0.1951
2ef4a04aed1b,blur,mid,vit_base,IG,0.4177,0.4298,0.1454
2ef4a04aed1b,blur,high,vit_base,IG,0.2488,0.3739,0.2011
2ef4a04aed1b,exposure,clean,resnet50,IG,0.8702,0.8281,1.0
2ef4a04aed1b,exposure,low,resnet50,IG,0.9204,0.7543,0.2329
2ef4a04aed1b,exposure,mid,resnet50,IG,0.899,0.8423,0.0881
2ef4a04aed1b,exposure,high,resnet50,IG,0.8098,0.8082,0.0458
2ef4a04aed1b,exposure,clean,efficientnet_b3,IG,0.2747,0.2305,1.0
2ef4a04aed1b,exposure,low,efficientnet_b3,IG,0.1922,0.1757,0.2673
2ef4a04aed1b,exposure,mid,efficientnet_b3,IG,0.1942,0.1672,0.2627
2ef4a04aed1b,exposure,high,efficientnet_b3,IG,0.178,0.1535,0.2557
2ef4a04aed1b,exposure,clean,vit_base,IG,0.8049,0.6035,1.0
2ef4a04aed1b,exposure,low,vit_base,IG,0.8502,0.641,0.3054
2ef4a04aed1b,exposure,mid,vit_base,IG,0.8313,0.6353,0.3015
2ef4a04aed1b,exposure,high,vit_base,IG,0.8426,0.5971,0.2477
2ef4a04aed1b,noise,clean,resnet50,IG,0.8702,0.8281,1.0
2ef4a04aed1b,noise,low,resnet50,IG,0.9107,0.6135,0.3198
2ef4a04aed1b,noise,mid,resnet50,IG,0.6439,0.354,0.2224
2ef4a04aed1b,noise,high,resnet50,IG,0.0558,0.0801,0.1308
2ef4a04aed1b,noise,clean,efficientnet_b3,IG,0.2747,0.2305,1.0
2ef4a04aed1b,noise,low,efficientnet_b3,IG,0.1851,0.1583,0.2312
2ef4a04aed1b,noise,mid,efficientnet_b3,IG,0.1788,0.1539,0.2129
2ef4a04aed1b,noise,high,efficientnet_b3,IG,0.166,0.1564,0.1628
2ef4a04aed1b,noise,clean,vit_base,IG,0.8049,0.6035,1.0
2ef4a04aed1b,noise,low,vit_base,IG,0.7969,0.5321,0.3079
2ef4a04aed1b,noise,mid,vit_base,IG,0.6453,0.351,0.2312
2ef4a04aed1b,noise,high,vit_base,IG,0.1779,0.2493,0.2135
97da093947e8,blur,clean,resnet50,IG,0.0437,0.1978,1.0
97da093947e8,blur,low,resnet50,IG,0.0477,0.2835,0.1856
97da093947e8,blur,mid,resnet50,IG,0.1352,0.3234,0.0789
97da093947e8,blur,high,resnet50,IG,0.2178,0.2971,-0.0345
97da093947e8,blur,clean,efficientnet_b3,IG,0.2192,0.2824,1.0
97da093947e8,blur,low,efficientnet_b3,IG,0.1681,0.1976,0.1015
97da093947e8,blur,mid,efficientnet_b3,IG,0.1605,0.1908,0.1019
97da093947e8,blur,high,efficientnet_b3,IG,0.175,0.2023,0.0706
97da093947e8,blur,clean,vit_base,IG,0.2897,0.4171,1.0
97da093947e8,blur,low,vit_base,IG,0.1133,0.3793,0.2131
97da093947e8,blur,mid,vit_base,IG,0.2049,0.2803,0.1811
97da093947e8,blur,high,vit_base,IG,0.1853,0.2845,0.1252
97da093947e8,exposure,clean,resnet50,IG,0.0437,0.1978,1.0
97da093947e8,exposure,low,resnet50,IG,0.0483,0.185,0.1907
97da093947e8,exposure,mid,resnet50,IG,0.063,0.1832,0.215
97da093947e8,exposure,high,resnet50,IG,0.1088,0.3124,0.2257
97da093947e8,exposure,clean,efficientnet_b3,IG,0.2192,0.2824,1.0
97da093947e8,exposure,low,efficientnet_b3,IG,0.1584,0.1933,0.1175
97da093947e8,exposure,mid,efficientnet_b3,IG,0.1676,0.2082,0.1276
97da093947e8,exposure,high,efficientnet_b3,IG,0.186,0.1985,0.1222
97da093947e8,exposure,clean,vit_base,IG,0.2897,0.4171,1.0
97da093947e8,exposure,low,vit_base,IG,0.1406,0.3252,0.2688
97da093947e8,exposure,mid,vit_base,IG,0.0948,0.2842,0.2741
97da093947e8,exposure,high,vit_base,IG,0.0848,0.2774,0.2369
97da093947e8,noise,clean,resnet50,IG,0.0437,0.1978,1.0
97da093947e8,noise,low,resnet50,IG,0.0772,0.3649,0.1178
97da093947e8,noise,mid,resnet50,IG,0.4541,0.5394,0.0699
97da093947e8,noise,high,resnet50,IG,0.6862,0.7165,0.0317
97da093947e8,noise,clean,efficientnet_b3,IG,0.2192,0.2824,1.0
97da093947e8,noise,low,efficientnet_b3,IG,0.1494,0.1769,0.106
97da093947e8,noise,mid,efficientnet_b3,IG,0.1483,0.1991,0.0904
97da093947e8,noise,high,efficientnet_b3,IG,0.1617,0.2068,0.0627
97da093947e8,noise,clean,vit_base,IG,0.2897,0.4171,1.0
97da093947e8,noise,low,vit_base,IG,0.128,0.3561,0.2465
97da093947e8,noise,mid,vit_base,IG,0.3273,0.292,0.1314
97da093947e8,noise,high,vit_base,IG,0.4647,0.3131,0.1242
3428230bf1bd,blur,clean,resnet50,IG,0.4157,0.0954,1.0
3428230bf1bd,blur,low,resnet50,IG,0.4277,0.0966,0.1427
3428230bf1bd,blur,mid,resnet50,IG,0.0831,0.174,0.0194
3428230bf1bd,blur,high,resnet50,IG,0.2561,0.149,0.0514
3428230bf1bd,blur,clean,efficientnet_b3,IG,0.1099,0.1291,1.0
3428230bf1bd,blur,low,efficientnet_b3,IG,0.1114,0.1359,0.0687
3428230bf1bd,blur,mid,efficientnet_b3,IG,0.1086,0.1126,0.0254
3428230bf1bd,blur,high,efficientnet_b3,IG,0.1139,0.1073,0.0356
3428230bf1bd,blur,clean,vit_base,IG,0.3647,0.1684,1.0
3428230bf1bd,blur,low,vit_base,IG,0.2225,0.2048,0.238
3428230bf1bd,blur,mid,vit_base,IG,0.3519,0.1682,0.1813
3428230bf1bd,blur,high,vit_base,IG,0.3498,0.146,0.1876
3428230bf1bd,exposure,clean,resnet50,IG,0.4157,0.0954,1.0
3428230bf1bd,exposure,low,resnet50,IG,0.5667,0.1629,0.0765
3428230bf1bd,exposure,mid,resnet50,IG,0.5861,0.1364,0.0441
3428230bf1bd,exposure,high,resnet50,IG,0.1658,0.0685,0.0739
3428230bf1bd,exposure,clean,efficientnet_b3,IG,0.1099,0.1291,1.0
3428230bf1bd,exposure,low,efficientnet_b3,IG,0.1075,0.1395,0.1176
3428230bf1bd,exposure,mid,efficientnet_b3,IG,0.1057,0.1349,0.1223
3428230bf1bd,exposure,high,efficientnet_b3,IG,0.1216,0.1257,0.1377
3428230bf1bd,exposure,clean,vit_base,IG,0.3647,0.1684,1.0
3428230bf1bd,exposure,low,vit_base,IG,0.2828,0.2555,0.3165
3428230bf1bd,exposure,mid,vit_base,IG,0.1854,0.1671,0.3105
3428230bf1bd,exposure,high,vit_base,IG,0.2339,0.1486,0.2794
3428230bf1bd,noise,clean,resnet50,IG,0.4157,0.0954,1.0
3428230bf1bd,noise,low,resnet50,IG,0.5401,0.0872,0.0786
3428230bf1bd,noise,mid,resnet50,IG,0.4383,0.1219,0.0582
3428230bf1bd,noise,high,resnet50,IG,0.0783,0.214,0.0448
3428230bf1bd,noise,clean,efficientnet_b3,IG,0.1099,0.1291,1.0
3428230bf1bd,noise,low,efficientnet_b3,IG,0.1105,0.1575,0.0991
3428230bf1bd,noise,mid,efficientnet_b3,IG,0.1136,0.1496,0.0868
3428230bf1bd,noise,high,efficientnet_b3,IG,0.118,0.1413,0.0875
3428230bf1bd,noise,clean,vit_base,IG,0.3647,0.1684,1.0
3428230bf1bd,noise,low,vit_base,IG,0.2608,0.2125,0.2791
3428230bf1bd,noise,mid,vit_base,IG,0.3159,0.211,0.1761
3428230bf1bd,noise,high,vit_base,IG,0.2496,0.2366,0.1484
486e852a3b4d,blur,clean,resnet50,IG,0.879,0.7178,1.0
486e852a3b4d,blur,low,resnet50,IG,0.791,0.4559,0.093
486e852a3b4d,blur,mid,resnet50,IG,0.6316,0.3802,0.1006
486e852a3b4d,blur,high,resnet50,IG,0.4683,0.3446,0.0761
486e852a3b4d,blur,clean,efficientnet_b3,IG,0.223,0.1688,1.0
486e852a3b4d,blur,low,efficientnet_b3,IG,0.1865,0.1751,0.2432
486e852a3b4d,blur,mid,efficientnet_b3,IG,0.1535,0.1823,0.2175
486e852a3b4d,blur,high,efficientnet_b3,IG,0.1485,0.167,0.1882
486e852a3b4d,blur,clean,vit_base,IG,0.7677,0.3736,1.0
486e852a3b4d,blur,low,vit_base,IG,0.6368,0.2763,0.2807
486e852a3b4d,blur,mid,vit_base,IG,0.3968,0.286,0.2112
486e852a3b4d,blur,high,vit_base,IG,0.3687,0.2807,0.1826
486e852a3b4d,exposure,clean,resnet50,IG,0.879,0.7178,1.0
486e852a3b4d,exposure,low,resnet50,IG,0.7801,0.5215,0.1417
486e852a3b4d,exposure,mid,resnet50,IG,0.7795,0.5173,0.1537
486e852a3b4d,exposure,high,resnet50,IG,0.5568,0.535,0.1612
486e852a3b4d,exposure,clean,efficientnet_b3,IG,0.223,0.1688,1.0
486e852a3b4d,exposure,low,efficientnet_b3,IG,0.1904,0.1557,0.3251
486e852a3b4d,exposure,mid,efficientnet_b3,IG,0.1837,0.1503,0.3251
486e852a3b4d,exposure,high,efficientnet_b3,IG,0.1726,0.1513,0.2879
486e852a3b4d,exposure,clean,vit_base,IG,0.7677,0.3736,1.0
486e852a3b4d,exposure,low,vit_base,IG,0.6803,0.3499,0.3519
486e852a3b4d,exposure,mid,vit_base,IG,0.661,0.3879,0.3708
486e852a3b4d,exposure,high,vit_base,IG,0.5866,0.3124,0.3415
486e852a3b4d,noise,clean,resnet50,IG,0.879,0.7178,1.0
486e852a3b4d,noise,low,resnet50,IG,0.5675,0.294,0.1432
486e852a3b4d,noise,mid,resnet50,IG,0.1953,0.1028,0.1235
486e852a3b4d,noise,high,resnet50,IG,0.075,0.0555,0.1157
486e852a3b4d,noise,clean,efficientnet_b3,IG,0.223,0.1688,1.0
486e852a3b4d,noise,low,efficientnet_b3,IG,0.1612,0.157,0.2757
486e852a3b4d,noise,mid,efficientnet_b3,IG,0.1542,0.1552,0.2665
486e852a3b4d,noise,high,efficientnet_b3,IG,0.1615,0.1607,0.1811
486e852a3b4d,noise,clean,vit_base,IG,0.7677,0.3736,1.0
486e852a3b4d,noise,low,vit_base,IG,0.6115,0.2403,0.3249
486e852a3b4d,noise,mid,vit_base,IG,0.3119,0.1522,0.2666
486e852a3b4d,noise,high,vit_base,IG,0.1301,0.1718,0.2315
c252da9b41d8,blur,clean,resnet50,IG,0.8026,0.3777,1.0
c252da9b41d8,blur,low,resnet50,IG,0.6076,0.1537,0.1784
c252da9b41d8,blur,mid,resnet50,IG,0.2574,0.1713,0.0562
c252da9b41d8,blur,high,resnet50,IG,0.2513,0.1695,0.042
c252da9b41d8,blur,clean,efficientnet_b3,IG,0.1138,0.1357,1.0
c252da9b41d8,blur,low,efficientnet_b3,IG,0.1021,0.1258,0.0668
c252da9b41d8,blur,mid,efficientnet_b3,IG,0.1099,0.1126,0.0496
c252da9b41d8,blur,high,efficientnet_b3,IG,0.1107,0.1048,0.0321
c252da9b41d8,blur,clean,vit_base,IG,0.4237,0.3071,1.0
c252da9b41d8,blur,low,vit_base,IG,0.2732,0.2174,0.1952
c252da9b41d8,blur,mid,vit_base,IG,0.2821,0.163,0.1532
c252da9b41d8,blur,high,vit_base,IG,0.3032,0.1596,0.1204
c252da9b41d8,exposure,clean,resnet50,IG,0.8026,0.3777,1.0
c252da9b41d8,exposure,low,resnet50,IG,0.7464,0.1793,0.2049
c252da9b41d8,exposure,mid,resnet50,IG,0.6998,0.1493,0.1939
c252da9b41d8,exposure,high,resnet50,IG,0.4259,0.1157,0.16
c252da9b41d8,exposure,clean,efficientnet_b3,IG,0.1138,0.1357,1.0
c252da9b41d8,exposure,low,efficientnet_b3,IG,0.1113,0.1517,0.0908
c252da9b41d8,exposure,mid,efficientnet_b3,IG,0.1152,0.1486,0.0813
c252da9b41d8,exposure,high,efficientnet_b3,IG,0.1184,0.1265,0.0885
c252da9b41d8,exposure,clean,vit_base,IG,0.4237,0.3071,1.0
c252da9b41d8,exposure,low,vit_base,IG,0.2669,0.1915,0.2777
c252da9b41d8,exposure,mid,vit_base,IG,0.267,0.1886,0.2475
c252da9b41d8,exposure,high,vit_base,IG,0.2774,0.2107,0.1984
c252da9b41d8,noise,clean,resnet50,IG,0.8026,0.3777,1.0
c252da9b41d8,noise,low,resnet50,IG,0.5229,0.1059,0.1411
c252da9b41d8,noise,mid,resnet50,IG,0.63,0.1469,0.1701
c252da9b41d8,noise,high,resnet50,IG,0.3247,0.1348,0.161
c252da9b41d8,noise,clean,efficientnet_b3,IG,0.1138,0.1357,1.0
c252da9b41d8,noise,low,efficientnet_b3,IG,0.1063,0.1616,0.0839
c252da9b41d8,noise,mid,efficientnet_b3,IG,0.1094,0.145,0.0795
c252da9b41d8,noise,high,efficientnet_b3,IG,0.1162,0.1327,0.062
c252da9b41d8,noise,clean,vit_base,IG,0.4237,0.3071,1.0
c252da9b41d8,noise,low,vit_base,IG,0.2761,0.2161,0.2189
c252da9b41d8,noise,mid,vit_base,IG,0.3579,0.2095,0.1196
c252da9b41d8,noise,high,vit_base,IG,0.2977,0.2164,0.0939
7831ce1d895e,blur,clean,resnet50,IG,0.8607,0.8571,1.0
7831ce1d895e,blur,low,resnet50,IG,0.8891,0.6772,0.1479
7831ce1d895e,blur,mid,resnet50,IG,0.8047,0.4842,0.1416
7831ce1d895e,blur,high,resnet50,IG,0.6501,0.405,0.112
7831ce1d895e,blur,clean,efficientnet_b3,IG,0.2548,0.2277,1.0
7831ce1d895e,blur,low,efficientnet_b3,IG,0.202,0.1726,0.1766
7831ce1d895e,blur,mid,efficientnet_b3,IG,0.1814,0.1815,0.0832
7831ce1d895e,blur,high,efficientnet_b3,IG,0.1749,0.1603,0.0349
7831ce1d895e,blur,clean,vit_base,IG,0.8283,0.5342,1.0
7831ce1d895e,blur,low,vit_base,IG,0.77,0.5067,0.2628
7831ce1d895e,blur,mid,vit_base,IG,0.5483,0.443,0.2097
7831ce1d895e,blur,high,vit_base,IG,0.342,0.4123,0.2105
7831ce1d895e,exposure,clean,resnet50,IG,0.8607,0.8571,1.0
7831ce1d895e,exposure,low,resnet50,IG,0.9196,0.8219,0.1451
7831ce1d895e,exposure,mid,resnet50,IG,0.923,0.7594,0.0636
7831ce1d895e,exposure,high,resnet50,IG,0.8458,0.7297,-0.0378
7831ce1d895e,exposure,clean,efficientnet_b3,IG,0.2548,0.2277,1.0
7831ce1d895e,exposure,low,efficientnet_b3,IG,0.2024,0.1624,0.2374
7831ce1d895e,exposure,mid,efficientnet_b3,IG,0.2211,0.1653,0.2491
7831ce1d895e,exposure,high,efficientnet_b3,IG,0.2046,0.1568,0.2503
7831ce1d895e,exposure,clean,vit_base,IG,0.8283,0.5342,1.0
7831ce1d895e,exposure,low,vit_base,IG,0.847,0.5918,0.3234
7831ce1d895e,exposure,mid,vit_base,IG,0.8282,0.5216,0.3036
7831ce1d895e,exposure,high,vit_base,IG,0.7937,0.552,0.2865
7831ce1d895e,noise,clean,resnet50,IG,0.8607,0.8571,1.0
7831ce1d895e,noise,low,resnet50,IG,0.7984,0.5697,0.1862
7831ce1d895e,noise,mid,resnet50,IG,0.3652,0.2544,0.2061
7831ce1d895e,noise,high,resnet50,IG,0.1126,0.1039,0.1443
7831ce1d895e,noise,clean,efficientnet_b3,IG,0.2548,0.2277,1.0
7831ce1d895e,noise,low,efficientnet_b3,IG,0.186,0.1643,0.2122
7831ce1d895e,noise,mid,efficientnet_b3,IG,0.1752,0.152,0.1779
7831ce1d895e,noise,high,efficientnet_b3,IG,0.1792,0.1609,0.157
7831ce1d895e,noise,clean,vit_base,IG,0.8283,0.5342,1.0
7831ce1d895e,noise,low,vit_base,IG,0.784,0.527,0.3237
7831ce1d895e,noise,mid,vit_base,IG,0.5828,0.3497,0.2685
7831ce1d895e,noise,high,vit_base,IG,0.4493,0.2821,0.2508
3b232b394e4f,blur,clean,resnet50,IG,0.9048,0.9075,1.0
3b232b394e4f,blur,low,resnet50,IG,0.8403,0.5962,0.1146
3b232b394e4f,blur,mid,resnet50,IG,0.4181,0.389,0.0753
3b232b394e4f,blur,high,resnet50,IG,0.2167,0.2124,0.053
3b232b394e4f,blur,clean,efficientnet_b3,IG,0.2242,0.2226,1.0
3b232b394e4f,blur,low,efficientnet_b3,IG,0.1795,0.1779,0.0633
3b232b394e4f,blur,mid,efficientnet_b3,IG,0.1819,0.1665,0.0329
3b232b394e4f,blur,high,efficientnet_b3,IG,0.1858,0.2033,0.0238
3b232b394e4f,blur,clean,vit_base,IG,0.8782,0.8039,1.0
3b232b394e4f,blur,low,vit_base,IG,0.5081,0.6625,0.1762
3b232b394e4f,blur,mid,vit_base,IG,0.1403,0.3629,0.1599
3b232b394e4f,blur,high,vit_base,IG,0.1778,0.2721,0.105
3b232b394e4f,exposure,clean,resnet50,IG,0.9048,0.9075,1.0
3b232b394e4f,exposure,low,resnet50,IG,0.8941,0.6765,0.1705
3b232b394e4f,exposure,mid,resnet50,IG,0.8187,0.7495,0.1606
3b232b394e4f,exposure,high,resnet50,IG,0.7422,0.6958,0.0967
3b232b394e4f,exposure,clean,efficientnet_b3,IG,0.2242,0.2226,1.0
3b232b394e4f,exposure,low,efficientnet_b3,IG,0.1612,0.1616,0.1368
3b232b394e4f,exposure,mid,efficientnet_b3,IG,0.148,0.1695,0.136
3b232b394e4f,exposure,high,efficientnet_b3,IG,0.1593,0.1741,0.1248
3b232b394e4f,exposure,clean,vit_base,IG,0.8782,0.8039,1.0
3b232b394e4f,exposure,low,vit_base,IG,0.7747,0.6009,0.2767
3b232b394e4f,exposure,mid,vit_base,IG,0.763,0.6593,0.2736
3b232b394e4f,exposure,high,vit_base,IG,0.6305,0.4599,0.2632
3b232b394e4f,noise,clean,resnet50,IG,0.9048,0.9075,1.0
3b232b394e4f,noise,low,resnet50,IG,0.9143,0.6763,0.1757
3b232b394e4f,noise,mid,resnet50,IG,0.8641,0.783,0.1195
3b232b394e4f,noise,high,resnet50,IG,0.9016,0.6859,0.0798
3b232b394e4f,noise,clean,efficientnet_b3,IG,0.2242,0.2226,1.0
3b232b394e4f,noise,low,efficientnet_b3,IG,0.1682,0.1534,0.1409
3b232b394e4f,noise,mid,efficientnet_b3,IG,0.1554,0.1803,0.1075
3b232b394e4f,noise,high,efficientnet_b3,IG,0.1659,0.1863,0.067
3b232b394e4f,noise,clean,vit_base,IG,0.8782,0.8039,1.0
3b232b394e4f,noise,low,vit_base,IG,0.78,0.5664,0.297
3b232b394e4f,noise,mid,vit_base,IG,0.8266,0.4256,0.2459
3b232b394e4f,noise,high,vit_base,IG,0.7068,0.3441,0.2026
c9485c38fdd5,blur,clean,resnet50,IG,0.0643,0.4949,1.0
c9485c38fdd5,blur,low,resnet50,IG,0.0422,0.0402,0.1072
c9485c38fdd5,blur,mid,resnet50,IG,0.0722,0.0786,0.0456
c9485c38fdd5,blur,high,resnet50,IG,0.0678,0.0954,0.0047
c9485c38fdd5,blur,clean,efficientnet_b3,IG,0.1778,0.1975,1.0
c9485c38fdd5,blur,low,efficientnet_b3,IG,0.2408,0.1906,0.0864
c9485c38fdd5,blur,mid,efficientnet_b3,IG,0.2555,0.2092,0.0289
c9485c38fdd5,blur,high,efficientnet_b3,IG,0.2473,0.1995,0.0323
c9485c38fdd5,blur,clean,vit_base,IG,0.3174,0.3216,1.0
c9485c38fdd5,blur,low,vit_base,IG,0.0746,0.16,0.184
c9485c38fdd5,blur,mid,vit_base,IG,0.1301,0.2271,0.0782
c9485c38fdd5,blur,high,vit_base,IG,0.147,0.2407,0.0542
c9485c38fdd5,exposure,clean,resnet50,IG,0.0643,0.4949,1.0
c9485c38fdd5,exposure,low,resnet50,IG,0.0281,0.0471,0.1995
c9485c38fdd5,exposure,mid,resnet50,IG,0.0921,0.0561,0.1933
c9485c38fdd5,exposure,high,resnet50,IG,0.1195,0.0731,0.1714
c9485c38fdd5,exposure,clean,efficientnet_b3,IG,0.1778,0.1975,1.0
c9485c38fdd5,exposure,low,efficientnet_b3,IG,0.2199,0.1681,0.1515
c9485c38fdd5,exposure,mid,efficientnet_b3,IG,0.2156,0.1745,0.1587
c9485c38fdd5,exposure,high,efficientnet_b3,IG,0.2151,0.2109,0.1572
c9485c38fdd5,exposure,clean,vit_base,IG,0.3174,0.3216,1.0
c9485c38fdd5,exposure,low,vit_base,IG,0.0393,0.1486,0.2588
c9485c38fdd5,exposure,mid,vit_base,IG,0.0436,0.1973,0.2331
c9485c38fdd5,exposure,high,vit_base,IG,0.061,0.2133,0.2313
c9485c38fdd5,noise,clean,resnet50,IG,0.0643,0.4949,1.0
c9485c38fdd5,noise,low,resnet50,IG,0.0231,0.052,0.107
c9485c38fdd5,noise,mid,resnet50,IG,0.0587,0.0471,-0.0023
c9485c38fdd5,noise,high,resnet50,IG,0.0475,0.0456,-0.0805
c9485c38fdd5,noise,clean,efficientnet_b3,IG,0.1778,0.1975,1.0
c9485c38fdd5,noise,low,efficientnet_b3,IG,0.2062,0.1761,0.1124
c9485c38fdd5,noise,mid,efficientnet_b3,IG,0.2055,0.1804,0.0823
c9485c38fdd5,noise,high,efficientnet_b3,IG,0.2315,0.2012,0.0657
c9485c38fdd5,noise,clean,vit_base,IG,0.3174,0.3216,1.0
c9485c38fdd5,noise,low,vit_base,IG,0.0406,0.1998,0.2154
c9485c38fdd5,noise,mid,vit_base,IG,0.0854,0.2693,0.1451
c9485c38fdd5,noise,high,vit_base,IG,0.1345,0.217,0.1057
9a326446c431,blur,clean,resnet50,IG,0.721,0.8407,1.0
9a326446c431,blur,low,resnet50,IG,0.8333,0.4462,0.1247
9a326446c431,blur,mid,resnet50,IG,0.5157,0.3606,0.128
9a326446c431,blur,high,resnet50,IG,0.5717,0.3753,0.1334
9a326446c431,blur,clean,efficientnet_b3,IG,0.2321,0.1951,1.0
9a326446c431,blur,low,efficientnet_b3,IG,0.1695,0.1651,0.1149
9a326446c431,blur,mid,efficientnet_b3,IG,0.1541,0.1633,0.1169
9a326446c431,blur,high,efficientnet_b3,IG,0.133,0.1398,0.143
9a326446c431,blur,clean,vit_base,IG,0.6357,0.2485,1.0
9a326446c431,blur,low,vit_base,IG,0.6051,0.3045,0.2743
9a326446c431,blur,mid,vit_base,IG,0.2539,0.2776,0.2061
9a326446c431,blur,high,vit_base,IG,0.2711,0.2698,0.2243
9a326446c431,exposure,clean,resnet50,IG,0.721,0.8407,1.0
9a326446c431,exposure,low,resnet50,IG,0.854,0.7201,0.1543
9a326446c431,exposure,mid,resnet50,IG,0.738,0.7443,0.1621
9a326446c431,exposure,high,resnet50,IG,0.5061,0.5808,0.1641
9a326446c431,exposure,clean,efficientnet_b3,IG,0.2321,0.1951,1.0
9a326446c431,exposure,low,efficientnet_b3,IG,0.1764,0.1495,0.1561
9a326446c431,exposure,mid,efficientnet_b3,IG,0.166,0.1398,0.1711
9a326446c431,exposure,high,efficientnet_b3,IG,0.1608,0.138,0.1785
9a326446c431,exposure,clean,vit_base,IG,0.6357,0.2485,1.0
9a326446c431,exposure,low,vit_base,IG,0.7135,0.4178,0.328
9a326446c431,exposure,mid,vit_base,IG,0.6645,0.3804,0.3304
9a326446c431,exposure,high,vit_base,IG,0.5108,0.3098,0.3162
9a326446c431,noise,clean,resnet50,IG,0.721,0.8407,1.0
9a326446c431,noise,low,resnet50,IG,0.6857,0.3071,0.1125
9a326446c431,noise,mid,resnet50,IG,0.1876,0.0798,0.0564
9a326446c431,noise,high,resnet50,IG,0.0334,0.036,0.0329
9a326446c431,noise,clean,efficientnet_b3,IG,0.2321,0.1951,1.0
9a326446c431,noise,low,efficientnet_b3,IG,0.1569,0.1527,0.1301
9a326446c431,noise,mid,efficientnet_b3,IG,0.1457,0.1602,0.0988
9a326446c431,noise,high,efficientnet_b3,IG,0.152,0.1567,0.0752
9a326446c431,noise,clean,vit_base,IG,0.6357,0.2485,1.0
9a326446c431,noise,low,vit_base,IG,0.5017,0.2719,0.3159
9a326446c431,noise,mid,vit_base,IG,0.2074,0.1972,0.2658
9a326446c431,noise,high,vit_base,IG,0.1113,0.1918,0.1901
d6f6bdfd8011,blur,clean,resnet50,IG,0.8291,0.7917,1.0
d6f6bdfd8011,blur,low,resnet50,IG,0.9257,0.5377,0.1742
d6f6bdfd8011,blur,mid,resnet50,IG,0.8542,0.479,0.221
d6f6bdfd8011,blur,high,resnet50,IG,0.5399,0.4519,0.1874
d6f6bdfd8011,blur,clean,efficientnet_b3,IG,0.2584,0.2138,1.0
d6f6bdfd8011,blur,low,efficientnet_b3,IG,0.1771,0.1579,0.1916
d6f6bdfd8011,blur,mid,efficientnet_b3,IG,0.157,0.1732,0.0837
d6f6bdfd8011,blur,high,efficientnet_b3,IG,0.1619,0.1619,0.0481
d6f6bdfd8011,blur,clean,vit_base,IG,0.6836,0.5464,1.0
d6f6bdfd8011,blur,low,vit_base,IG,0.7913,0.4367,0.2106
d6f6bdfd8011,blur,mid,vit_base,IG,0.449,0.4409,0.1734
d6f6bdfd8011,blur,high,vit_base,IG,0.2602,0.4139,0.159
d6f6bdfd8011,exposure,clean,resnet50,IG,0.8291,0.7917,1.0
d6f6bdfd8011,exposure,low,resnet50,IG,0.9205,0.6835,0.2161
d6f6bdfd8011,exposure,mid,resnet50,IG,0.9062,0.7713,0.0857
d6f6bdfd8011,exposure,high,resnet50,IG,0.8401,0.6745,-0.0033
d6f6bdfd8011,exposure,clean,efficientnet_b3,IG,0.2584,0.2138,1.0
d6f6bdfd8011,exposure,low,efficientnet_b3,IG,0.1841,0.1566,0.268
d6f6bdfd8011,exposure,mid,efficientnet_b3,IG,0.1856,0.1549,0.2697
d6f6bdfd8011,exposure,high,efficientnet_b3,IG,0.1814,0.1568,0.2929
d6f6bdfd8011,exposure,clean,vit_base,IG,0.6836,0.5464,1.0
d6f6bdfd8011,exposure,low,vit_base,IG,0.7864,0.5644,0.2801
d6f6bdfd8011,exposure,mid,vit_base,IG,0.8281,0.6023,0.2844
d6f6bdfd8011,exposure,high,vit_base,IG,0.8478,0.5252,0.2442
d6f6bdfd8011,noise,clean,resnet50,IG,0.8291,0.7917,1.0
d6f6bdfd8011,noise,low,resnet50,IG,0.8138,0.4492,0.3017
d6f6bdfd8011,noise,mid,resnet50,IG,0.4654,0.1962,0.319
d6f6bdfd8011,noise,high,resnet50,IG,0.0854,0.0787,0.2078
d6f6bdfd8011,noise,clean,efficientnet_b3,IG,0.2584,0.2138,1.0
d6f6bdfd8011,noise,low,efficientnet_b3,IG,0.1771,0.1488,0.218
d6f6bdfd8011,noise,mid,efficientnet_b3,IG,0.1763,0.1624,0.2049
d6f6bdfd8011,noise,high,efficientnet_b3,IG,0.1748,0.1572,0.1598
d6f6bdfd8011,noise,clean,vit_base,IG,0.6836,0.5464,1.0
d6f6bdfd8011,noise,low,vit_base,IG,0.7212,0.4806,0.284
d6f6bdfd8011,noise,mid,vit_base,IG,0.5327,0.3294,0.2028
d6f6bdfd8011,noise,high,vit_base,IG,0.2291,0.2613,0.2034
5c8482926a08,blur,clean,resnet50,IG,0.8407,0.0995,1.0
5c8482926a08,blur,low,resnet50,IG,0.1796,0.1375,0.0389
5c8482926a08,blur,mid,resnet50,IG,0.1532,0.1925,0.0607
5c8482926a08,blur,high,resnet50,IG,0.1569,0.1745,0.0221
5c8482926a08,blur,clean,efficientnet_b3,IG,0.1167,0.1237,1.0
5c8482926a08,blur,low,efficientnet_b3,IG,0.1111,0.1434,0.0785
5c8482926a08,blur,mid,efficientnet_b3,IG,0.1206,0.1302,0.0788
5c8482926a08,blur,high,efficientnet_b3,IG,0.1176,0.1117,0.0804
5c8482926a08,blur,clean,vit_base,IG,0.4597,0.1557,1.0
5c8482926a08,blur,low,vit_base,IG,0.1472,0.1642,0.161
5c8482926a08,blur,mid,vit_base,IG,0.4601,0.1852,0.1455
5c8482926a08,blur,high,vit_base,IG,0.2721,0.1503,0.1388
5c8482926a08,exposure,clean,resnet50,IG,0.8407,0.0995,1.0
5c8482926a08,exposure,low,resnet50,IG,0.7793,0.1069,0.057
5c8482926a08,exposure,mid,resnet50,IG,0.5501,0.0842,0.091
5c8482926a08,exposure,high,resnet50,IG,0.1578,0.0898,0.1354
5c8482926a08,exposure,clean,efficientnet_b3,IG,0.1167,0.1237,1.0
5c8482926a08,exposure,low,efficientnet_b3,IG,0.1157,0.1561,0.1278
5c8482926a08,exposure,mid,efficientnet_b3,IG,0.1233,0.1481,0.1248
5c8482926a08,exposure,high,efficientnet_b3,IG,0.1331,0.1327,0.1415
5c8482926a08,exposure,clean,vit_base,IG,0.4597,0.1557,1.0
5c8482926a08,exposure,low,vit_base,IG,0.2486,0.1692,0.2542
5c8482926a08,exposure,mid,vit_base,IG,0.2728,0.1418,0.2341
5c8482926a08,exposure,high,vit_base,IG,0.1786,0.1505,0.2507
5c8482926a08,noise,clean,resnet50,IG,0.8407,0.0995,1.0
5c8482926a08,noise,low,resnet50,IG,0.6696,0.1043,0.1046
5c8482926a08,noise,mid,resnet50,IG,0.1847,0.201,-0.0243
5c8482926a08,noise,high,resnet50,IG,0.1153,0.1508,0.0381
5c8482926a08,noise,clean,efficientnet_b3,IG,0.1167,0.1237,1.0
5c8482926a08,noise,low,efficientnet_b3,IG,0.1167,0.1659,0.126
5c8482926a08,noise,mid,efficientnet_b3,IG,0.1199,0.1536,0.1094
5c8482926a08,noise,high,efficientnet_b3,IG,0.1168,0.1411,0.0725
5c8482926a08,noise,clean,vit_base,IG,0.4597,0.1557,1.0
5c8482926a08,noise,low,vit_base,IG,0.2887,0.1861,0.2232
5c8482926a08,noise,mid,vit_base,IG,0.244,0.1832,0.1266
5c8482926a08,noise,high,vit_base,IG,0.283,0.1851,0.1169
3730c322d35b,blur,clean,resnet50,IG,0.8807,0.785,1.0
3730c322d35b,blur,low,resnet50,IG,0.9306,0.6041,0.1403
3730c322d35b,blur,mid,resnet50,IG,0.849,0.524,0.1743
3730c322d35b,blur,high,resnet50,IG,0.5395,0.4379,0.2131
3730c322d35b,blur,clean,efficientnet_b3,IG,0.2875,0.2199,1.0
3730c322d35b,blur,low,efficientnet_b3,IG,0.1777,0.1721,0.165
3730c322d35b,blur,mid,efficientnet_b3,IG,0.1674,0.1755,0.0858
3730c322d35b,blur,high,efficientnet_b3,IG,0.1688,0.1742,0.0724
3730c322d35b,blur,clean,vit_base,IG,0.8,0.5356,1.0
3730c322d35b,blur,low,vit_base,IG,0.7938,0.4245,0.1966
3730c322d35b,blur,mid,vit_base,IG,0.5383,0.4691,0.1836
3730c322d35b,blur,high,vit_base,IG,0.286,0.3949,0.2104
3730c322d35b,exposure,clean,resnet50,IG,0.8807,0.785,1.0
3730c322d35b,exposure,low,resnet50,IG,0.9332,0.7117,0.1705
3730c322d35b,exposure,mid,resnet50,IG,0.8967,0.7429,0.0416
3730c322d35b,exposure,high,resnet50,IG,0.7612,0.6296,-0.0084
3730c322d35b,exposure,clean,efficientnet_b3,IG,0.2875,0.2199,1.0
3730c322d35b,exposure,low,efficientnet_b3,IG,0.1828,0.1703,0.2424
3730c322d35b,exposure,mid,efficientnet_b3,IG,0.1811,0.1597,0.2511
3730c322d35b,exposure,high,efficientnet_b3,IG,0.1905,0.1563,0.2669
3730c322d35b,exposure,clean,vit_base,IG,0.8,0.5356,1.0
3730c322d35b,exposure,low,vit_base,IG,0.8182,0.5629,0.2862
3730c322d35b,exposure,mid,vit_base,IG,0.6976,0.6083,0.2692
3730c322d35b,exposure,high,vit_base,IG,0.676,0.5366,0.2508
3730c322d35b,noise,clean,resnet50,IG,0.8807,0.785,1.0
3730c322d35b,noise,low,resnet50,IG,0.7318,0.4592,0.3345
3730c322d35b,noise,mid,resnet50,IG,0.2639,0.1759,0.2568
3730c322d35b,noise,high,resnet50,IG,0.0335,0.0566,0.2192
3730c322d35b,noise,clean,efficientnet_b3,IG,0.2875,0.2199,1.0
3730c322d35b,noise,low,efficientnet_b3,IG,0.1711,0.1589,0.1944
3730c322d35b,noise,mid,efficientnet_b3,IG,0.1666,0.1535,0.1703
3730c322d35b,noise,high,efficientnet_b3,IG,0.1569,0.165,0.1305
3730c322d35b,noise,clean,vit_base,IG,0.8,0.5356,1.0
3730c322d35b,noise,low,vit_base,IG,0.6874,0.4918,0.2822
3730c322d35b,noise,mid,vit_base,IG,0.3986,0.3101,0.2525
3730c322d35b,noise,high,vit_base,IG,0.1556,0.1959,0.1997
ca05f7e7801b,blur,clean,resnet50,IG,0.8831,0.8721,1.0
ca05f7e7801b,blur,low,resnet50,IG,0.9286,0.6331,0.2068
ca05f7e7801b,blur,mid,resnet50,IG,0.875,0.5652,0.1982
ca05f7e7801b,blur,high,resnet50,IG,0.7069,0.4797,0.2188
ca05f7e7801b,blur,clean,efficientnet_b3,IG,0.274,0.2088,1.0
ca05f7e7801b,blur,low,efficientnet_b3,IG,0.2127,0.1874,0.1965
ca05f7e7801b,blur,mid,efficientnet_b3,IG,0.184,0.19,0.1146
ca05f7e7801b,blur,high,efficientnet_b3,IG,0.1922,0.1824,0.0969
ca05f7e7801b,blur,clean,vit_base,IG,0.8496,0.5425,1.0
ca05f7e7801b,blur,low,vit_base,IG,0.8185,0.5084,0.2339
ca05f7e7801b,blur,mid,vit_base,IG,0.4456,0.4077,0.211
ca05f7e7801b,blur,high,vit_base,IG,0.3385,0.3962,0.2016
ca05f7e7801b,exposure,clean,resnet50,IG,0.8831,0.8721,1.0
ca05f7e7801b,exposure,low,resnet50,IG,0.9306,0.741,0.1562
ca05f7e7801b,exposure,mid,resnet50,IG,0.911,0.742,0.095
ca05f7e7801b,exposure,high,resnet50,IG,0.8208,0.7828,0.0518
ca05f7e7801b,exposure,clean,efficientnet_b3,IG,0.274,0.2088,1.0
ca05f7e7801b,exposure,low,efficientnet_b3,IG,0.2097,0.1704,0.287
ca05f7e7801b,exposure,mid,efficientnet_b3,IG,0.2056,0.1755,0.2903
ca05f7e7801b,exposure,high,efficientnet_b3,IG,0.1983,0.1574,0.2938
ca05f7e7801b,exposure,clean,vit_base,IG,0.8496,0.5425,1.0
ca05f7e7801b,exposure,low,vit_base,IG,0.8043,0.648,0.3179
ca05f7e7801b,exposure,mid,vit_base,IG,0.8192,0.6358,0.314
ca05f7e7801b,exposure,high,vit_base,IG,0.8257,0.5879,0.2776
ca05f7e7801b,noise,clean,resnet50,IG,0.8831,0.8721,1.0
ca05f7e7801b,noise,low,resnet50,IG,0.9215,0.5537,0.2372
ca05f7e7801b,noise,mid,resnet50,IG,0.5896,0.327,0.2577
ca05f7e7801b,noise,high,resnet50,IG,0.1461,0.1061,0.2077
ca05f7e7801b,noise,clean,efficientnet_b3,IG,0.274,0.2088,1.0
ca05f7e7801b,noise,low,efficientnet_b3,IG,0.1824,0.1527,0.2422
ca05f7e7801b,noise,mid,efficientnet_b3,IG,0.1752,0.1518,0.2048
ca05f7e7801b,noise,high,efficientnet_b3,IG,0.174,0.1603,0.1597
ca05f7e7801b,noise,clean,vit_base,IG,0.8496,0.5424,1.0
ca05f7e7801b,noise,low,vit_base,IG,0.7948,0.512,0.3164
ca05f7e7801b,noise,mid,vit_base,IG,0.5153,0.3221,0.2921
ca05f7e7801b,noise,high,vit_base,IG,0.1742,0.2905,0.2595
7aabd768abff,blur,clean,resnet50,IG,0.6775,0.875,1.0
7aabd768abff,blur,low,resnet50,IG,0.8507,0.5251,0.1365
7aabd768abff,blur,mid,resnet50,IG,0.516,0.3719,0.1237
7aabd768abff,blur,high,resnet50,IG,0.6233,0.3479,0.1192
7aabd768abff,blur,clean,efficientnet_b3,IG,0.2035,0.1995,1.0
7aabd768abff,blur,low,efficientnet_b3,IG,0.1812,0.1693,0.0902
7aabd768abff,blur,mid,efficientnet_b3,IG,0.1569,0.1584,0.0742
7aabd768abff,blur,high,efficientnet_b3,IG,0.1429,0.1437,0.1051
7aabd768abff,blur,clean,vit_base,IG,0.7198,0.376,1.0
7aabd768abff,blur,low,vit_base,IG,0.6875,0.3278,0.3054
7aabd768abff,blur,mid,vit_base,IG,0.2481,0.218,0.2643
7aabd768abff,blur,high,vit_base,IG,0.222,0.265,0.2939
7aabd768abff,exposure,clean,resnet50,IG,0.6775,0.875,1.0
7aabd768abff,exposure,low,resnet50,IG,0.8578,0.7914,0.2022
7aabd768abff,exposure,mid,resnet50,IG,0.7819,0.8161,0.2222
7aabd768abff,exposure,high,resnet50,IG,0.6776,0.773,0.1433
7aabd768abff,exposure,clean,efficientnet_b3,IG,0.2035,0.1995,1.0
7aabd768abff,exposure,low,efficientnet_b3,IG,0.1803,0.1516,0.1614
7aabd768abff,exposure,mid,efficientnet_b3,IG,0.178,0.1459,0.1715
7aabd768abff,exposure,high,efficientnet_b3,IG,0.1531,0.1446,0.1837
7aabd768abff,exposure,clean,vit_base,IG,0.7198,0.376,1.0
7aabd768abff,exposure,low,vit_base,IG,0.6979,0.4922,0.3652
7aabd768abff,exposure,mid,vit_base,IG,0.7047,0.4404,0.3761
7aabd768abff,exposure,high,vit_base,IG,0.7265,0.4066,0.3255
7aabd768abff,noise,clean,resnet50,IG,0.6775,0.875,1.0
7aabd768abff,noise,low,resnet50,IG,0.8345,0.5144,0.1229
7aabd768abff,noise,mid,resnet50,IG,0.4261,0.1926,0.0359
7aabd768abff,noise,high,resnet50,IG,0.2239,0.0838,0.0294
7aabd768abff,noise,clean,efficientnet_b3,IG,0.2035,0.1995,1.0
7aabd768abff,noise,low,efficientnet_b3,IG,0.1604,0.143,0.149
7aabd768abff,noise,mid,efficientnet_b3,IG,0.1446,0.1481,0.1299
7aabd768abff,noise,high,efficientnet_b3,IG,0.1471,0.1463,0.0908
7aabd768abff,noise,clean,vit_base,IG,0.7198,0.376,1.0
7aabd768abff,noise,low,vit_base,IG,0.6039,0.344,0.3473
7aabd768abff,noise,mid,vit_base,IG,0.2843,0.2031,0.2661
7aabd768abff,noise,high,vit_base,IG,0.184,0.1984,0.3134
b72a86d61959,blur,clean,resnet50,IG,0.7749,0.8398,1.0
b72a86d61959,blur,low,resnet50,IG,0.9385,0.6426,0.1353
b72a86d61959,blur,mid,resnet50,IG,0.8885,0.5516,0.1092
b72a86d61959,blur,high,resnet50,IG,0.635,0.3861,0.1616
b72a86d61959,blur,clean,efficientnet_b3,IG,0.2786,0.2266,1.0
b72a86d61959,blur,low,efficientnet_b3,IG,0.1899,0.193,0.1825
b72a86d61959,blur,mid,efficientnet_b3,IG,0.1696,0.1909,0.0751
b72a86d61959,blur,high,efficientnet_b3,IG,0.1618,0.1628,0.0584
b72a86d61959,blur,clean,vit_base,IG,0.8053,0.6052,1.0
b72a86d61959,blur,low,vit_base,IG,0.8104,0.4875,0.1847
b72a86d61959,blur,mid,vit_base,IG,0.6112,0.4271,0.1647
b72a86d61959,blur,high,vit_base,IG,0.2977,0.3786,0.189
b72a86d61959,exposure,clean,resnet50,IG,0.7749,0.8398,1.0
b72a86d61959,exposure,low,resnet50,IG,0.9276,0.7822,0.1565
b72a86d61959,exposure,mid,resnet50,IG,0.9096,0.8366,0.0845
b72a86d61959,exposure,high,resnet50,IG,0.8336,0.8185,0.0587
b72a86d61959,exposure,clean,efficientnet_b3,IG,0.2786,0.2266,1.0
b72a86d61959,exposure,low,efficientnet_b3,IG,0.1968,0.1773,0.2632
b72a86d61959,exposure,mid,efficientnet_b3,IG,0.1923,0.1695,0.2605
b72a86d61959,exposure,high,efficientnet_b3,IG,0.1867,0.1622,0.249
b72a86d61959,exposure,clean,vit_base,IG,0.8053,0.6051,1.0
b72a86d61959,exposure,low,vit_base,IG,0.8569,0.6028,0.2845
b72a86d61959,exposure,mid,vit_base,IG,0.8405,0.66,0.2936
b72a86d61959,exposure,high,vit_base,IG,0.8091,0.6037,0.2489
b72a86d61959,noise,clean,resnet50,IG,0.7749,0.8398,1.0
b72a86d61959,noise,low,resnet50,IG,0.9232,0.613,0.3059
b72a86d61959,noise,mid,resnet50,IG,0.8055,0.3582,0.19
b72a86d61959,noise,high,resnet50,IG,0.1275,0.0811,0.1265
b72a86d61959,noise,clean,efficientnet_b3,IG,0.2786,0.2266,1.0
b72a86d61959,noise,low,efficientnet_b3,IG,0.1853,0.1568,0.2426
b72a86d61959,noise,mid,efficientnet_b3,IG,0.172,0.1602,0.2184
b72a86d61959,noise,high,efficientnet_b3,IG,0.1678,0.1665,0.1713
b72a86d61959,noise,clean,vit_base,IG,0.8053,0.6052,1.0
b72a86d61959,noise,low,vit_base,IG,0.7958,0.5272,0.2993
b72a86d61959,noise,mid,vit_base,IG,0.6383,0.3492,0.219
b72a86d61959,noise,high,vit_base,IG,0.3545,0.2905,0.2106
cc839823755b,blur,clean,resnet50,IG,0.7983,0.2728,1.0
cc839823755b,blur,low,resnet50,IG,0.8045,0.1178,0.1213
cc839823755b,blur,mid,resnet50,IG,0.2333,0.1297,0.0735
cc839823755b,blur,high,resnet50,IG,0.1489,0.1198,0.0482
cc839823755b,blur,clean,efficientnet_b3,IG,0.1045,0.1197,1.0
cc839823755b,blur,low,efficientnet_b3,IG,0.111,0.1145,0.0839
cc839823755b,blur,mid,efficientnet_b3,IG,0.1086,0.1022,0.0915
cc839823755b,blur,high,efficientnet_b3,IG,0.1158,0.1023,0.0533
cc839823755b,blur,clean,vit_base,IG,0.5151,0.2379,1.0
cc839823755b,blur,low,vit_base,IG,0.2523,0.1555,0.1751
cc839823755b,blur,mid,vit_base,IG,0.3346,0.1646,0.1116
cc839823755b,blur,high,vit_base,IG,0.2631,0.1289,0.1333
cc839823755b,exposure,clean,resnet50,IG,0.7983,0.2728,1.0
cc839823755b,exposure,low,resnet50,IG,0.8697,0.2356,0.0429
cc839823755b,exposure,mid,resnet50,IG,0.7853,0.2686,0.0579
cc839823755b,exposure,high,resnet50,IG,0.5962,0.1027,0.0781
cc839823755b,exposure,clean,efficientnet_b3,IG,0.1045,0.1197,1.0
cc839823755b,exposure,low,efficientnet_b3,IG,0.1067,0.1437,0.1171
cc839823755b,exposure,mid,efficientnet_b3,IG,0.111,0.1323,0.127
cc839823755b,exposure,high,efficientnet_b3,IG,0.1319,0.1214,0.1373
cc839823755b,exposure,clean,vit_base,IG,0.5151,0.2379,1.0
cc839823755b,exposure,low,vit_base,IG,0.2693,0.1248,0.2577
cc839823755b,exposure,mid,vit_base,IG,0.303,0.1249,0.2695
cc839823755b,exposure,high,vit_base,IG,0.2987,0.1801,0.2307
cc839823755b,noise,clean,resnet50,IG,0.7983,0.2728,1.0
cc839823755b,noise,low,resnet50,IG,0.8472,0.1363,0.0591
cc839823755b,noise,mid,resnet50,IG,0.4947,0.0982,0.1065
cc839823755b,noise,high,resnet50,IG,0.1047,0.1535,0.0981
cc839823755b,noise,clean,efficientnet_b3,IG,0.1045,0.1197,1.0
cc839823755b,noise,low,efficientnet_b3,IG,0.1059,0.1602,0.1003
cc839823755b,noise,mid,efficientnet_b3,IG,0.1083,0.1355,0.0924
cc839823755b,noise,high,efficientnet_b3,IG,0.1103,0.1353,0.0809
cc839823755b,noise,clean,vit_base,IG,0.5151,0.2379,1.0
cc839823755b,noise,low,vit_base,IG,0.4153,0.1797,0.2132
cc839823755b,noise,mid,vit_base,IG,0.299,0.1891,0.1154
cc839823755b,noise,high,vit_base,IG,0.3473,0.2133,0.1156
54b322c66d01,blur,clean,resnet50,IG,0.9174,0.7761,1.0
54b322c66d01,blur,low,resnet50,IG,0.9262,0.6656,0.1878
54b322c66d01,blur,mid,resnet50,IG,0.849,0.631,0.1898
54b322c66d01,blur,high,resnet50,IG,0.649,0.504,0.1216
54b322c66d01,blur,clean,efficientnet_b3,IG,0.2626,0.1932,1.0
54b322c66d01,blur,low,efficientnet_b3,IG,0.2075,0.1917,0.195
54b322c66d01,blur,mid,efficientnet_b3,IG,0.1733,0.2032,0.2122
54b322c66d01,blur,high,efficientnet_b3,IG,0.1732,0.1964,0.2289
54b322c66d01,blur,clean,vit_base,IG,0.746,0.5416,1.0
54b322c66d01,blur,low,vit_base,IG,0.7633,0.4957,0.1849
54b322c66d01,blur,mid,vit_base,IG,0.5023,0.4711,0.1591
54b322c66d01,blur,high,vit_base,IG,0.333,0.4556,0.1438
54b322c66d01,exposure,clean,resnet50,IG,0.9174,0.7761,1.0
54b322c66d01,exposure,low,resnet50,IG,0.9261,0.6319,0.2395
54b322c66d01,exposure,mid,resnet50,IG,0.8819,0.7345,0.2021
54b322c66d01,exposure,high,resnet50,IG,0.8127,0.6649,0.1362
54b322c66d01,exposure,clean,efficientnet_b3,IG,0.2626,0.1932,1.0
54b322c66d01,exposure,low,efficientnet_b3,IG,0.1977,0.1779,0.1969
54b322c66d01,exposure,mid,efficientnet_b3,IG,0.202,0.1637,0.238
54b322c66d01,exposure,high,efficientnet_b3,IG,0.1902,0.1573,0.2367
54b322c66d01,exposure,clean,vit_base,IG,0.746,0.5416,1.0
54b322c66d01,exposure,low,vit_base,IG,0.8363,0.5276,0.2632
54b322c66d01,exposure,mid,vit_base,IG,0.8144,0.5049,0.2564
54b322c66d01,exposure,high,vit_base,IG,0.7567,0.4485,0.2652
54b322c66d01,noise,clean,resnet50,IG,0.9174,0.7761,1.0
54b322c66d01,noise,low,resnet50,IG,0.8977,0.4757,0.1254
54b322c66d01,noise,mid,resnet50,IG,0.2187,0.2523,0.1712
54b322c66d01,noise,high,resnet50,IG,0.0384,0.0698,0.0822
54b322c66d01,noise,clean,efficientnet_b3,IG,0.2626,0.1932,1.0
54b322c66d01,noise,low,efficientnet_b3,IG,0.189,0.171,0.1292
54b322c66d01,noise,mid,efficientnet_b3,IG,0.1882,0.1637,0.179
54b322c66d01,noise,high,efficientnet_b3,IG,0.1837,0.1685,0.0851
54b322c66d01,noise,clean,vit_base,IG,0.746,0.5416,1.0
54b322c66d01,noise,low,vit_base,IG,0.7609,0.4873,0.2469
54b322c66d01,noise,mid,vit_base,IG,0.4919,0.2925,0.1186
54b322c66d01,noise,high,vit_base,IG,0.2014,0.196,0.093
1d11794057ff,blur,clean,resnet50,IG,0.2278,0.0925,1.0
1d11794057ff,blur,low,resnet50,IG,0.0605,0.0543,0.1595
1d11794057ff,blur,mid,resnet50,IG,0.0608,0.0824,0.0332
1d11794057ff,blur,high,resnet50,IG,0.0707,0.0855,0.0128
1d11794057ff,blur,clean,efficientnet_b3,IG,0.1993,0.2116,1.0
1d11794057ff,blur,low,efficientnet_b3,IG,0.2301,0.2065,0.2376
1d11794057ff,blur,mid,efficientnet_b3,IG,0.2378,0.1939,0.161
1d11794057ff,blur,high,efficientnet_b3,IG,0.2442,0.1967,0.1272
1d11794057ff,blur,clean,vit_base,IG,0.0842,0.1708,1.0
1d11794057ff,blur,low,vit_base,IG,0.065,0.1466,0.1941
1d11794057ff,blur,mid,vit_base,IG,0.1168,0.187,0.1112
1d11794057ff,blur,high,vit_base,IG,0.1203,0.2051,0.0616
1d11794057ff,exposure,clean,resnet50,IG,0.2278,0.0925,1.0
1d11794057ff,exposure,low,resnet50,IG,0.2155,0.0568,0.3174
1d11794057ff,exposure,mid,resnet50,IG,0.1675,0.0536,0.28
1d11794057ff,exposure,high,resnet50,IG,0.1872,0.0613,0.2492
1d11794057ff,exposure,clean,efficientnet_b3,IG,0.1993,0.2116,1.0
1d11794057ff,exposure,low,efficientnet_b3,IG,0.2232,0.1834,0.3082
1d11794057ff,exposure,mid,efficientnet_b3,IG,0.205,0.1797,0.2982
1d11794057ff,exposure,high,efficientnet_b3,IG,0.1958,0.2053,0.2423
1d11794057ff,exposure,clean,vit_base,IG,0.0842,0.1708,1.0
1d11794057ff,exposure,low,vit_base,IG,0.0928,0.1145,0.3225
1d11794057ff,exposure,mid,vit_base,IG,0.0793,0.1285,0.3168
1d11794057ff,exposure,high,vit_base,IG,0.0849,0.1475,0.3036
1d11794057ff,noise,clean,resnet50,IG,0.2278,0.0925,1.0
1d11794057ff,noise,low,resnet50,IG,0.1206,0.0467,0.1412
1d11794057ff,noise,mid,resnet50,IG,0.0623,0.0411,0.014
1d11794057ff,noise,high,resnet50,IG,0.034,0.0389,-0.0523
1d11794057ff,noise,clean,efficientnet_b3,IG,0.1993,0.2116,1.0
1d11794057ff,noise,low,efficientnet_b3,IG,0.1919,0.1726,0.2129
1d11794057ff,noise,mid,efficientnet_b3,IG,0.1899,0.1692,0.1951
1d11794057ff,noise,high,efficientnet_b3,IG,0.2183,0.2042,0.1419
1d11794057ff,noise,clean,vit_base,IG,0.0842,0.1708,1.0
1d11794057ff,noise,low,vit_base,IG,0.1236,0.1516,0.2375
1d11794057ff,noise,mid,vit_base,IG,0.1572,0.2078,0.165
1d11794057ff,noise,high,vit_base,IG,0.1188,0.2396,0.118
ac2c814949f9,blur,clean,resnet50,IG,0.8463,0.665,1.0
ac2c814949f9,blur,low,resnet50,IG,0.2689,0.1556,0.0827
ac2c814949f9,blur,mid,resnet50,IG,0.2445,0.2054,-0.0121
ac2c814949f9,blur,high,resnet50,IG,0.2427,0.1673,-0.0135
ac2c814949f9,blur,clean,efficientnet_b3,IG,0.1005,0.1255,1.0
ac2c814949f9,blur,low,efficientnet_b3,IG,0.1141,0.135,0.0218
ac2c814949f9,blur,mid,efficientnet_b3,IG,0.1076,0.1299,0.0125
ac2c814949f9,blur,high,efficientnet_b3,IG,0.1085,0.1154,0.0166
ac2c814949f9,blur,clean,vit_base,IG,0.5945,0.3772,1.0
ac2c814949f9,blur,low,vit_base,IG,0.2568,0.1927,0.2074
ac2c814949f9,blur,mid,vit_base,IG,0.2846,0.1764,0.1501
ac2c814949f9,blur,high,vit_base,IG,0.298,0.1639,0.1198
ac2c814949f9,exposure,clean,resnet50,IG,0.8463,0.665,1.0
ac2c814949f9,exposure,low,resnet50,IG,0.4657,0.1762,0.1315
ac2c814949f9,exposure,mid,resnet50,IG,0.6453,0.1494,0.1452
ac2c814949f9,exposure,high,resnet50,IG,0.298,0.092,0.1616
ac2c814949f9,exposure,clean,efficientnet_b3,IG,0.1005,0.1255,1.0
ac2c814949f9,exposure,low,efficientnet_b3,IG,0.1043,0.1484,0.0533
ac2c814949f9,exposure,mid,efficientnet_b3,IG,0.1075,0.1428,0.0545
ac2c814949f9,exposure,high,efficientnet_b3,IG,0.1157,0.1183,0.0721
ac2c814949f9,exposure,clean,vit_base,IG,0.5945,0.3772,1.0
ac2c814949f9,exposure,low,vit_base,IG,0.3037,0.2067,0.2562
ac2c814949f9,exposure,mid,vit_base,IG,0.3119,0.1946,0.2589
ac2c814949f9,exposure,high,vit_base,IG,0.3112,0.1896,0.2068
ac2c814949f9,noise,clean,resnet50,IG,0.8463,0.665,1.0
ac2c814949f9,noise,low,resnet50,IG,0.6511,0.1505,0.1045
ac2c814949f9,noise,mid,resnet50,IG,0.5887,0.1376,0.1218
ac2c814949f9,noise,high,resnet50,IG,0.1282,0.1258,0.0819
ac2c814949f9,noise,clean,efficientnet_b3,IG,0.1005,0.1255,1.0
ac2c814949f9,noise,low,efficientnet_b3,IG,0.1063,0.1625,0.0442
ac2c814949f9,noise,mid,efficientnet_b3,IG,0.114,0.143,0.0508
ac2c814949f9,noise,high,efficientnet_b3,IG,0.1198,0.1328,0.0495
ac2c814949f9,noise,clean,vit_base,IG,0.5945,0.3772,1.0
ac2c814949f9,noise,low,vit_base,IG,0.3965,0.2882,0.2188
ac2c814949f9,noise,mid,vit_base,IG,0.2581,0.1736,0.1194
ac2c814949f9,noise,high,vit_base,IG,0.3415,0.1859,0.126
